<?xml version="1.0" encoding="UTF-8"?>
<project-private xmlns="http://www.netbeans.org/ns/project-private/1">
    <editor-bookmarks xmlns="http://www.netbeans.org/ns/editor-bookmarks/2" lastBookmarkId="0"/>
    <open-files xmlns="http://www.netbeans.org/ns/projectui-open-files/2">
        <group>
            <file>file:/D:/Rural_Health_Connect/src/Login.java</file>
            <file>file:/D:/Rural_Health_Connect/src/SignUp.java</file>
            <file>file:/D:/Rural_Health_Connect/src/AppointmentForm.java</file>
            <file>file:/D:/Rural_Health_Connect/src/AddingPatient.java</file>
        </group>
    </open-files>
</project-private>
