<?xml version="1.0" encoding="UTF-8"?>
<project-private xmlns="http://www.netbeans.org/ns/project-private/1">
    <editor-bookmarks xmlns="http://www.netbeans.org/ns/editor-bookmarks/2" lastBookmarkId="0"/>
    <open-files xmlns="http://www.netbeans.org/ns/projectui-open-files/2">
        <group>
            <file>file:/C:/Users/DalanDhan/Downloads/Rural_Health_Connect/Rural_Health_Connect/src/AdminPatientDetails.java</file>
            <file>file:/C:/Users/DalanDhan/Downloads/Rural_Health_Connect/Rural_Health_Connect/src/UserPatientDetails.java</file>
            <file>file:/C:/Users/DalanDhan/Downloads/Rural_Health_Connect/Rural_Health_Connect/src/ViewUsers.java</file>
            <file>file:/C:/Users/DalanDhan/Downloads/Rural_Health_Connect/Rural_Health_Connect/src/AdminMenu.java</file>
            <file>file:/C:/Users/DalanDhan/Downloads/Rural_Health_Connect/Rural_Health_Connect/src/UsersMenu.java</file>
        </group>
    </open-files>
</project-private>
